year,country_name,specimens_per_100k
2009,Norway,0.032886521206628834
2011,"Hong Kong SAR, China",3.349595565360032
2012,Australia,2.744852137586593
2013,Australia,0.12971217862024204
2014,China,0.1381598705407257
2015,China,0.14494079109474875
2016,China,0.4467534713465294
2017,China,0.8527832031599718
2018,China,1.1225013544726112
2019,China,2.9101001957030572
2020,China,13.673318687548722
