year,country_name,specimens_per_100k
2009,Austria,24.774301558264014
2010,Austria,24.39198202071788
2011,Norway,7.26819309489353
2012,"United States",16.48731536683869
2014,Norway,18.687106208168135
2019,Portugal,2756.102969562415
2020,Turkey,751.786832073919
