year,country_name,kg_per_1k
2011,Canada,0.18582192406327813
2012,"United States",0.2102156603931885
2013,Japan,0.3923261014555298
2014,Japan,5.637952166944279
2015,Japan,2.228824690697729
2016,Japan,3.2111492335295413
2017,Japan,4.852172132438649
2018,Japan,3.2178596493995
2019,Japan,1.7902126617864222
2020,Japan,1.6940939799304615
