year,country_name,specimens_per_100k
2009,"Korea, Rep.",251.78959895521677
2010,Switzerland,12.928968247426264
2011,"Korea, Rep.",142.114092662786
2012,"Korea, Rep.",89.6895056644887
2013,"Korea, Rep.",87.48952708519697
2014,"Korea, Rep.",306.94435012953267
2015,"Korea, Rep.",252.72201631415984
2016,"Korea, Rep.",429.3742162271193
2017,"Korea, Rep.",225.59130512102635
2018,"Korea, Rep.",125.61138341649243
2019,"Hong Kong SAR, China",74.096618228799
2020,"Korea, Rep.",72.7290419353148
