year,country_name,total_imported
2009,"Korea, Rep.",124152
2010,Switzerland,1011.6800000000001
2011,"Korea, Rep.",70967
2012,"Korea, Rep.",45024
2013,Various,606148
2014,"Korea, Rep.",155764.00268
2015,"Korea, Rep.",128926.00268
2016,"Korea, Rep.",219916.0402
2017,"Korea, Rep.",115868.00536
2018,"Korea, Rep.",64796.70499
2019,Japan,10785.825229999999
2020,Vietnam,51500
